News ID,Category,Subcategory,Title,Abstract,URL,click,analysis
N56873,tv,tv-gallery,Can you answer these real Jeopardy questions about TV shows?,"Culling data straight from the ""Jeopardy!"" archives, Stacker will provide a ""clue"" about TV shows and then present the answer in the form of a question on the following slide. Can you answer these real ""Jeopardy!"" questions about TV shows?",https://assets.msn.com/labs/mind/AABs6Gq.html,167925.0,"- クイズ形式の記事は読者の知識を試す面白さがある
- テレビ番組に関するクイズは、多くの人が親しみを感じる題材
- ジェパディの実際の問題を使っていることで、クイズの難易度と面白さが保証される
- 記事タイトルがクイズ形式で、読者の興味を引く
- 記事の概要で、クイズの形式と内容が明確に説明されている
- 同じ形式と題材のクイズ記事を定期的に提供することで、読者を獲得できる"
N65446,travel,traveltripideas,The most exclusive hotel in every state,"All these hotels have just one thing in common   guests just can't get enough of them. From celebrity favourites and ultra-small boutique stays to outrageously expensive suites, you'll have to either whip out the credit card or patiently wait to bag a night at one of these exclusive hotels in America.",https://assets.msn.com/labs/mind/AAJaLat.html,155006.0,"- タイトルに「最も」「全米No.1」といった強調表現を用い、読者の興味を引く
- 高級ホテルという非日常的な体験に対する人々の憧れをテーマにする
- セレブリティが訪れるホテルという著名人との接点をアピールする
- 掲載ホテルの写真を多用し、非日常的な雰囲気を伝える 
- SNSでのシェア数をアピールすることで話題性を高める"
N102458,lifestyle,shop-holidays,50 amazing gifts for every type of person and budget,Let the product experts at Reviewed help you find the perfect gifts for everyone on your list.,https://assets.msn.com/labs/mind/AAJQMdO.html,266407.0,"- 「あらゆるタイプの人」「あらゆる予算」というキーワードがあるので、多くの人に関心のある普遍的なテーマだと思われる。
- 「驚くべき」「完璧な」といった言葉でクリック率を高めている。
- 誕生日やクリスマスなどの贈り物選びのシーズンに合わせたタイミングの良い記事。
- Reviewedという信頼できる情報源からの贈り物のおすすめ記事。
- 具体的な商品のおすすめがあるため、実際に購入に結びつきやすい。"
N17575,entertainment,entertainment-celebrity,Big celebrity money moments of the last decade,"From bankruptcy filings and huge paydays to reaching billionaire status, read up on the most fascinating money news involving the stars from 2010 to 2019.",https://assets.msn.com/labs/mind/AAJeXYC.html,198977.0,"- セレブリティの金銭トラブルは注目を集める話題だ。セレブの破産や巨額の報酬、資産など金銭に関するゴシップ記事を作ることでPVを獲得できる。
- 過去10年間の出来事をまとめたリスト形式は読みやすくPVを集めやすい。時代背景を踏まえた10年間のトレンドを分析した記事を作れば再現できる。
- 著名人のスキャンダルやゴシップは関心が高く、クリック率が良い。セレブの金銭問題を扱った記事を作ればPVを獲得できる。"
N55792,entertainment,entertainment-celebrity,Stars Who Served in the Military,"Adam Driver, Jeff Bridges, Ice-T and more stars who served in the military.",https://assets.msn.com/labs/mind/AAJQC0V.html,194610.0,"- 有名人の軍歴に関する記事であるため、有名人の過去の秘話や意外な一面に関心がある読者を引きつけている
- 具体的な有名人の名前が記載されているため、その有名人のファンも記事に興味を持つ
- 軍隊経験は一般人にはなじみが薄い世界なので、著名人のそうした経験に興味が惹かれる
- 同様の著名人の過去のエピソードや意外な経歴を扱った記事を制作することで、PVを再現できる可能性がある"
N54239,news,newspolitics,America's Most and Least Popular Senators,Senators represent the interests of the residents of their home state on Capitol Hill by crafting and voting on new laws and by approving or rejecting cabinet and judicial nominations made by the president.,https://assets.msn.com/labs/mind/AAJUnHh.html,151842.0,"- アメリカの上院議員に関する記事であるため、アメリカの政治に関心のある読者を引き付ける
- 人気のある上院議員とそうでない議員の比較という興味深い切り口である
- 上院議員の支持率という具体的なデータを提示している
- 上院議員の役割について簡潔に説明しているため、政治に詳しくない読者も内容を理解しやすい
- 著名人の支持率ランキングという人気のある題材である"
N116118,finance,markets,Stocks close higher on optimism over China trade deal,"Stocks ended at record highs Thursday after the world's two largest economies reportedly agreed to remove existing trade tariffs, sparking a huge rotation into equities and out of bonds.",https://assets.msn.com/labs/mind/AAJVu7H.html,164735.0,"- 中国との貿易合意に関するニュースであるため、経済や株式市場に影響を与えそうなニュースの記事はPVが高くなりやすい。
- 中国との貿易戦争の展開に関する記事は注目を集めている。同様の貿易や外交に関する政治ニュースを掲載すればPVを獲得できる。
- 株価への影響について分析しているため、株主や投資家にとって有益な情報となっている。経済指標や企業業績など株価に影響を与えそうなニュースを掲載する。"
N95525,lifestyle,shop-holidays,105 Black Friday Deals You Can Start Shopping Today,"Save with early bird deals from stores like Walmart, Target, Amazon, Costco, Sam's Club, Kohl's, Sears, JCPenney, and Macy's, which are offering deep Black Friday discounts on the hottest products on your Christmas list   and your wish list   starting on Thanksgiving, or even sooner.",https://assets.msn.com/labs/mind/BBFu2Vk.html,331546.0,"- ブラックフライデーという人気のセールイベントをテーマにしている
- 有名ブランドのセール情報を具体的に提示している
- クリスマスプレゼントや欲しい商品のセールを強調している
- セールの開始時期を早期に知らせている"
N880,foodanddrink,recipes,65 Best Fall Soups That Will Warm You and Your Family Up All Season Long,These hearty bowls are the perfect companion for a rainy fall night.,https://assets.msn.com/labs/mind/BBNlvMD.html,169435.0,"- 季節の変わり目というタイムリーな題材を扱っている
- 家族向けの温かい料理という生活に密着した内容
- 秋の味覚を使ったレシピという実用性が高い
- 65種類というレシピのボリュームがあり、選択肢が豊富
- 秋の季節感を掴んだ見出しと写真を使う
- SNSでシェアしやすい実用的な記事形式"
N73137,lifestyle,shop-holidays,Here Are the Biggest Deals We're Anticipating for Black Friday,"The Black Friday deals for 2019 have already begun leaking out. Get a sneak peek at what to expect from popular retailers like Costco, Walmart, and Best Buy. Browse our guide and use it to plan your attack for the biggest shopping event of the year.",https://assets.msn.com/labs/mind/BBPFuKX.html,211641.0,"- ブラックフライデーは年に一度の大型セール日なので、その内容に関する記事は注目を集める
- 大手小売店のセール商品リストを掲載しているため、買い物を計画する読者にとって有用
- ブラックフライデーのセール情報は期間限定なので、タイムリーな情報となる
- コストコ、ウォルマート、ベストバイなど有名ブランドのセール情報を含んでいる
- 同様の大型セール日(サイバーマンデーなど)のセール商品リスト記事でも注目を集められる"
N41710,travel,traveltripideas,Here's the Best Small Town in Every State,"From Los Alamos, California, to Shelter Island, New York, these are the best small towns INSIDER found in every state.",https://assets.msn.com/labs/mind/BBRsUUu.html,186423.0,"- 小さな町の魅力を州ごとに紹介しているため、各州の読者にとって関心のある内容である
- 「ベスト」という言葉をタイトルに用いることで、読者の興味を引く
- 全米50州すべてを網羅しているため、多くの読者に関連性がある
- 写真を多用し視覚的に魅力を伝えている
- 町の特徴を簡潔に記述しているため、情報量が適切"
N112156,entertainment,celebrity,Welcome to the World! All of the Celebrity Babies Who've Made Their Debuts in 2019,See who's made their debut so far this year,https://assets.msn.com/labs/mind/BBSHBJd.html,169869.0,"- タイトルに著名人の名前が含まれていることで、著名人に関する記事として注目を集めやすい
- 赤ちゃんの誕生というポジティブな話題であるため、読者の共感を呼びやすい
- 2019年という最近の出来事であるためタイムリー性がある
- 複数の著名人の赤ちゃんが登場するため、関心のある著名人を探す動機付けになる
- 著名人の私生活にスポットを当てているため、プライバシーに関する興味を引く"
N72485,entertainment,celebrity,See what your favorite stars look like without makeup,"They get glammed up for red carpet events, but in their downtime, celebrities from Katie Holmes to Emma Stone prefer to let their natural beauty take center stage. Yes, just like you, stars do occasionally allow the world to see their foundation-free skin and mascara-less lashes to celebrate their freckles, little imperfections and inside-out glow, usually by way of the makeup-free selfie. They even sometimes celebrate their bare-facedness with hashtags like #wokeuplikethis and #nofilter. To see these stars without makeup   including Kate Hudson, Kim Kardashian, Gigi Hadid and all the stars you see above   check out the gallery now. For the latest beauty and style trends subscribe to our new podcast 'Get Tressed With Us' below! 34 Of Your Favorite Celebrities With Or Without Makeup!",https://assets.msn.com/labs/mind/BBTRzP9.html,190833.0,"- 著名人の素顔やプライベートな姿に関する記事は注目度が高いため、同様のコンテンツを作ることでPVを獲得できる。
- タイトルに「お気に入りのスターの素顔」というキーワードを使うことで、読者の興味を引くことができる。
- 記事本文では多くの著名人のメイクなしの写真を掲載することが重要。
- SNSでの著名人の素顔自撮りなどの話題を取り上げることも効果的。
- 著名人のプライベートな一面をのぞかせる記事は人気があるので、同様のアプローチが再現の鍵。"
N92498,music,music-awards,Country music's biggest scandals,"From Wynonna Judd's husband's arrest to the Dixie Chicks' vent about George W. Bush, relive country's biggest scandals.",https://assets.msn.com/labs/mind/BBVp1C0.html,204465.0,"- カントリー音楽界の有名人のスキャンダルという注目度の高い題材
- 有名人の私生活や疑惑、不祥事などのスキャンダル記事は注目を集める
- 具体的な有名人の名前がタイトルに含まれていることで興味を引く
- 過去の出来事を振り返る記事はノスタルジーとしての需要がある"
N100206,music,cma-awards,Top 100 country songs of all time,"Stacker counts down the top 100 country songs of all time. From old-school honky-tonk to modern country pop, this list covers the biggest hits in Billboard history.",https://assets.msn.com/labs/mind/BBVj9AW.html,193598.0,"- カントリー音楽は人気の音楽ジャンルであるため、カントリー音楽の名曲を集めた記事は注目を集めやすい。
- 「史上最高のカントリー曲100選」というリスト形式の記事は読者の興味を引きやすい。
- Billboardのチャートデータを使っているため、データに基づいたオーソリティのある選曲リストとなっている。
- 老舗から最新ヒットまで幅広い時代の名曲が含まれているため、多くの読者が自分の好きな曲を見つけられそうだ。
- 同様の「史上最高の○○100選」というリスト記事を作れば再現できそう。"
N13761,entertainment,entertainment-celebrity,Celebrity plastic surgery transformations,"See how stars like Sharon Osbourne, Cardi B, Pauly D, Kim Zolciak-Biermann, Gisele Bundchen, Kanye West and others have altered their looks.",https://assets.msn.com/labs/mind/BBVcWey.html,273318.0,"- セレブリティのプラスチックサージェリー変身という注目度の高い題材
- 有名人の外見の変化に人は関心がある
- 具体的なセレブリティの名前があることで興味を引く
- プラスチックサージェリーというタブー的な話題
- 著名人の外見の変遷やプライベートな話題を扱った記事で再現可能"
N93856,music,music-celebrity,Selena Gomez and Julia Michaels Share a Kiss Before Getting Matching Arrow Tattoos,Selena Gomez and Julia Michaels Get Matching Arrow Tattoos,https://assets.msn.com/labs/mind/BBWGfty.html,174911.0,"- Selena Gomezは著名な歌手であるため、彼女に関する記事は注目を集めやすい
- Julia Michaelsも有名な歌手なので、2人の共演はインパクトがある
- タトゥーは話題になりやすい。有名人のタトゥーに関する記事はPVが高まる傾向がある
- キスという官能的な要素がクリック率を高めている
- 有名人のプライベートな瞬間を捉えた記事は人気がある
- 同様の著名人のプライベートな瞬間を捉えた記事を作成すればPVを再現できる"
N29544,finance,finance-companies,"Walmart releases Black Friday ad with $129 Apple Watch, TV deals, electronics doorbusters","Walmart's Black Friday 2019 ad includes a 40-inch TV for $98, Apple iPad for $249, Xbox One, Playstation 4, deals on toys, Instant Pot and more.",https://assets.msn.com/labs/mind/BBWJDto.html,159878.0,"- Apple関連商品の安売りが注目を集めている。Apple製品の大幅割引をうたった記事で再現可能。
- ブラックフライデーという年に一度の大型セール情報。他の年末商戦セール情報の記事でも注目を集められる。
- ゲーム機やテレビなど家電製品の安値情報。同様の家電製品のセール情報記事で再現可能。"
N110303,finance,finance-companies,Supreme Court refuses to block lawsuit against gun manufacturer brought by Sandy Hook families,"The Supreme Court refused to shield Remington Arms Co. from potential liability for the 2012 school shooting that left 26 dead in Newtown, Conn.",https://assets.msn.com/labs/mind/BBWE9Iw.html,192155.0,"- 銃規制をめぐる議論が盛んなアメリカでは、銃乱射事件に関する記事は注目を集める。同様の事件に関する記事を作成することでPVを獲得できる。
- Sandy Hook事件は大規模な銃乱射事件であり、被害者の遺族による銃器メーカーへの訴訟は注目される話題。このような社会的インパクトの大きな事件の裁判記事はPVを稼げる。
- アメリカの最高裁判所の判断に関する記事は注目される。最高裁の重大判決に関する記事を作成すればPVを稼げる。"
N38902,music,cma-awards,Carrie Underwood Praises Miranda Lambert as 'Super Supportive': 'We Lift Each Other Up',Carrie Underwood Praises Miranda Lambert as 'Super Supportive',https://assets.msn.com/labs/mind/BBWE9aK.html,151885.0,"- カントリー音楽の人気女性アーティスト2人の関係性に関する記事であるため、カントリー音楽ファンの関心を引く
- 2人の名前がタイトルに含まれているため、検索結果で目立つ
- 「supportive」「lift each other up」といったポジティブなフレーズが含まれているため、読者の共感を得られる
- 著名人の仲の良さや支え合いをテーマにした記事は注目されやすいため、同様の記事を作成すればPVを獲得できる"
N58641,news,newscrime,"Car of Marine linked to Virginia slaying is found in South Carolina, authorities say","A car belonging to a U.S. Marine who allegedly deserted his post last month in North Carolina -- and has been on the run since being accused of murdering his mother's boyfriend in Virginia -- has been located in South Carolina, authorities said Wednesday.",https://assets.msn.com/labs/mind/BBWJUo1.html,161917.0,"- 米海兵隊員の脱走・逃亡劇というセンセーショナルな題材である
- 母親の恋人殺害という衝撃的な内容である
- 容疑者の車両が別の州で発見されたという追跡劇の展開がある
- 軍人の不祥事という人々の関心を引く題材である
- 脱走、逃亡、殺人といった犯罪性の高い話題である"
N59935,lifestyle,lifestyleroyals,Stella McCartney Deleted a Meghan Markle Instagram Post After Followers Called Her Out,Stella McCartney deleted a photo of Meghan Markle on Remembrance Day following backlash from Instagram followers.,https://assets.msn.com/labs/mind/BBWE9qh.html,155756.0,"- メーガン・マークル関連の記事は注目度が高いためPVが高かった
- ファッション関連の著名人のSNS投稿に関する記事は注目を集めやすい
- 著名人のファッションに関するマイナスイメージはPVを呼びやすい
- 記念日に関連した著名人の不適切な投稿は物議を醸しやすい
- SNS上での著名人の失敗は拡散しやすくPVが高まる"
N98178,sports,football_nfl,"Charles Rogers, former Michigan State football, Detroit Lions star, dead at 38","Charles Rogers, the former Michigan State football star whom the Detroit Lions selected with the second overall pick in 2003 NFL draft, has died.",https://assets.msn.com/labs/mind/BBWAPO6.html,260330.0,"- NFL選手の死亡という注目度の高い題材
- 元高校・大学のスター選手のその後の人生が注目される
- 2003年ドラフト2位指名の期待の星だったが、ケガとドラッグで活躍できず、その落差が話題になる
- 対象地域のファンにとっては思い入れのある選手の訃報
- 選手の才能と人生の行方をめぐる議論を呼びそう"
N72609,lifestyle,lifestylecelebstyle,Jennifer Lopez Debuted the Sleek Seasonal Bob You'll Want to Copy,*calling my hair stylist*,https://assets.msn.com/labs/mind/BBWEF0P.html,178433.0,"- Jennifer Lopezは世界的に著名な歌手であり、彼女のファッションは注目を集めている。彼女のヘアスタイルの変更は多くのファンにとって関心の的となる。
- 「Sleek Seasonal Bob」という見出しはトレンド感があり、多くの女性が真似したくなるヘアスタイルだと示唆している。
- 抜粋は読者の興味を引くのに効果的である。
- 同様に著名人のヘアスタイルの変更に関する記事は注目度が高いと考えられる。"
N88472,tv,tvnews,Lisa Vanderpump Reveals Why She Left RHOBH: 'I Don't Have Room in My Life for Nastiness',Lisa Vanderpump Reveals Why She Left RHOBH,https://assets.msn.com/labs/mind/BBWHBHb.html,182687.0,"- リアリティ番組の著名人の出演や降板に関する記事は注目度が高い。同様のリアリティ番組の出演者の番組参加や降板に関する記事を作成する。
- ゴシップ性のある著名人の私生活に関する記事はPVが高い。同様の著名人のプライベートに関する記事を作成する。  
- 著名人のスキャンダルや疑惑に関する記事は注目を集める。同様の著名人のスキャンダル記事を作成する。
- 著名人の告白や裏話に関する記事は人気がある。同様の著名人の内幕告発型の記事を作成する。"
N125945,tv,tvnews,"Tamron Hall Talks Leaving the Today Show, Jokes About Megyn Kelly's Reported Multimillion Payout",Tamron Hall Talks Losing the Today Show,https://assets.msn.com/labs/mind/BBWAYKc.html,153886.0,"- タイトルに有名人の名前(Tamron Hall)が含まれているため注目を集めやすい。有名人の名前をタイトルに含めることでPVを高められる。
- タイトルに「Today Show」という有名なテレビ番組の名前が含まれている。有名番組に関する記事は注目されやすい。
- タイトルに「Megyn Kelly」ともう一人の有名人の名前が含まれている。複数の有名人が絡む記事は注目されやすい。
- タイトルに「Multimillion Payout」といった金銭的なキーワードが含まれている。お金に関する記事は注目されやすい。
- タイトルが長くストーリ性がある。長いセンセーショナルなタイトルは注目されやすい。"
N29441,music,musicnews,Kiss Cancel 'End of the Road' Tour of Australia and New Zealand Due to Illness,Kiss won't be playing Australia and NZ after all.,https://assets.msn.com/labs/mind/BBWKJcB.html,173532.0,"- Kissは有名なロックバンドであるため、彼らのコンサートツアーに関するニュースは注目を集めやすい
- コンサートツアーの中止というネガティブな内容であるため、ファンの関心を引く
- オーストラリアとニュージーランドのKissファンに直接影響する出来事である
- 病気という人間的な要因による中止であるため、ファンの同情を引き出す
- 長年の活動に終止符を打つ「End of the Road」ツアーの一部が中止になるという象徴的な出来事
- 著名人のコンサートツアー中止に関するニュースは注目されやすい"
N1923,autos,autosmotorcycles,"The Volkspod VW Beetle Minibikes Are Part Creepy, Part Adorable",The people's pods.,https://assets.msn.com/labs/mind/BBWHJTi.html,153329.0,"- ビートルという人気の高いクラシックカーを題材にしている
- ミニバイクという変わったアレンジをしているので注目されやすい
- 見た目がかわいらしくてクリーピーというトピックのギャップがある
- 著名人や有名ブランドを題材にした記事で再現可能"
N48015,video,animals,Abandoned 'unicorn' puppy has a tail on its head,Abandoned 'unicorn' puppy has a tail on its head,https://assets.msn.com/labs/mind/BBWHLBa.html,154475.0,"- ユニークな動物の特徴をタイトルに使うことで注目を集めている。同様に珍しい動物の特徴をタイトルに使えば再現できる。
- 動物の可愛らしさに注目が集まっている。同様にかわいい動物の画像や動画を使えば再現できる。
- ユニコーンというファンタジー的な言葉を使うことで想像力を掻き立てている。同様にファンタジー的な言葉を使えば再現できる。"
N51163,lifestyle,lifestylebuzz,Family told to take down Christmas display because it's too soon to decorate,A Texas couple was told by their homeowners association to pump the brakes on their Christmas cheer.,https://assets.msn.com/labs/mind/BBWKQkg.html,200385.0,"- クリスマス関連の話題は人々の関心を引く
- 家主組合 vs 住人の対立構造は注目されやすい
- クリスマスデコレーションを制限するのは異例なので驚きを引き起こす
- クリスマスシーズンの始まりに関する議論は注目されやすい
- 住人のクリスマスへの熱意と家主組合の制限の対比が注目される"
N84137,lifestyle,lifestylepetsanimals,Why Do Cats Meow?,"Cats scratch, purr, and sleep, but haven't you always wondered, ""why do cats meow""?",https://assets.msn.com/labs/mind/BBWtPfC.html,158527.0,"- タイトルに「Why」という疑問形を用い、猫の行動の理由を探るという人の興味を引く題材
- 「meow」という猫の鳴き声をタイトルに用い、親しみやすさを出している
- 猫の行動の中でも「鳴く」という謎めいた行動に焦点を当てている
- 猫は人気のあるペットなので、猫に関する記事は注目されやすい
- 記事の内容が簡潔で分かりやすく書かれている"
N24701,music,music-celebrity,Kodak Black Sentenced to Over 3 Years in Prison in Weapons Case,Rapper Kodak Black has been sentenced to more than three years in federal prison after pleading guilty to weapons charges stemming from his arrest just before a scheduled concert performance in May.,https://assets.msn.com/labs/mind/BBWHNV4.html,173528.0,"- 有名ラッパーの不祥事という注目度の高い題材
- 3年以上の実刑判決というインパクトのある内容
- コンサート前の逮捕というショッキングな経緯
- 武器所持の重罪というセンセーショナルな事案
- 有名人の刑事事件は関心が高く再現しやすい"
N24150,travel,travelnews,Flight Attendants Have a Secret Language You Didn't Know About,Here are some phrases only flight attendant use   and what they actually mean.,https://assets.msn.com/labs/mind/BBWvCEe.html,166974.0,"- 航空業界の裏側や秘密に関する内容である。航空業界以外の業界の裏側や秘密を扱った記事でも同様の注目を集められる可能性がある。
- 職業上の隠語という珍しい内容である。他の職業の隠語を扱った記事でも注目を集められるだろう。
- スチュワーデスという人気の高い職業に関する記事である。看護師やパイロットなど、人気の高い職業の裏側を扱った記事で再現できる。
- 読者が知らないことを教えてくれる記事である。読者の知らない事柄を扱った記事なら同様に注目を集められる。"
N25751,weather,weathertopstories,This Arctic blast is in its final day. But the cold isn't over quite yet,The hundreds of millions of people gripped by the Arctic blast can begin to peel off a layer or two of clothing starting Thursday.,https://assets.msn.com/labs/mind/BBWKjCt.html,160529.0,"- 気象関連の記事は多くの人に関心があるためPVが高い。特に異常気象は注目を集める。同様の異常気象の記事を作成することでPVを高められる。
- 記事のタイトルがキャッチーでPVを高めている。似たようなキャッチーなタイトルの記事を作ることが再現の鍵。
- 記事の内容が多くの人に関係のある一般的な話題である。同じように多くの人に関心のある話題の記事を作ればPVを高められる。"
N109642,news,newsphotos,Eerie photos of an abandoned airport that hasn't been touched in 25 years,"The airport in Abkhazia   a disputed region of Georgia   was built in the 1960s, but was abandoned after a violent war in the early 1900s.",https://assets.msn.com/labs/mind/BBWvPFd.html,174023.0,"- 過去の栄華が失われた場所の写真は人々の想像力を掻き立てる
- 政治的紛争の結果として放置された空港という設定はミステリアス
- 25年間手つかずのままという長期にわたる放置ぶりが印象的
- 風化し放置された過去の建造物の写真には郷愁を誘う魅力がある"
N19455,entertainment,celebrity,"Week in celebrity photos for Nov. 11-15, 2019","Week in celebrity photos for Nov. 11-15, 2019",https://assets.msn.com/labs/mind/BBWB9Xe.html,155297.0,"- タイトルに「セレブリティ」とあるので、著名人に関する記事であることがわかる。
- 具体的なセレブリティの名前がタイトルにないので、複数のセレブリティに関する記事と予想できる。
- 日付がタイトルにあるので、最新の出来事に関する記事と思われる。
- セレブリティの写真が含まれていると予想できる。
- 著名人のプライベートな写真は注目度が高い。
- 同様の注目度の高い記事を再現するには、最新のセレブリティの写真やゴシップ記事にする。"
N76665,lifestyle,lifestyleroyals,Prince Harry and Meghan Markle just shared a never-before-seen photo of baby Archie with his 'Grandpa' Prince Charles to celebrate his birthday,"The Duke and Duchess of Sussex shared a new photo of Archie, Harry, and Charles to mark the Prince of Wales' 71st birthday on Thursday.",https://assets.msn.com/labs/mind/BBWKtBU.html,221238.0,"- 英国王室関連の記事であるため、王室ファンの注目を集めやすい。同様の王室関連の記事を作成することでPVを獲得できる。
- 有名人の私的な写真が公開されているため、人々の興味を引く。他のセレブのプライベート写真を掲載する記事を作ればPVを稼げる。
- 赤ちゃんの写真が含まれており、親しみやすさと話題性がある。他の有名人の赤ちゃん写真を使った記事でもPVを稼げそう。
- イギリスの著名人が登場するため、イギリスに関心のある読者に訴求力がある。イギリス人有名人を扱った記事ならPVを獲得できる。"
N84430,finance,finance-retirement,The 1 reason you shouldn't hesitate to claim Social Security early,"Seniors are often told to wait on Social Security, but here's a good argument for filing sooner.",https://assets.msn.com/labs/mind/BBWKwml.html,180910.0,"- タイトルに「早期申請」というキーワードがある。早期申請のメリットを強調した記事で再現可能。
- 「ためらうべきでない」という断定的な表現を使っている。はっきりとした主張を打ち出した記事で再現可能。
- 「1つの理由」と数え上げ式の表現を使っている。具体的な理由を列挙した記事で再現可能。
- 社会保障という多くの高齢者に関心のある話題を扱っている。高齢者の関心事をテーマにした記事で再現可能。"
N2750,news,newsus,Man cuffed for eating sandwich on train platform gets an apology,Bay Area Rapid Transit was slammed for its handling of a man who was handcuffed and cited for eating a sandwich,https://assets.msn.com/labs/mind/BBWBDWu.html,164043.0,"- 公共の場所でのちょっとした違反行為が大げさに扱われたという内容で、読者の共感を呼びやすい
- 公共交通機関に関するニュースで、多くの人が関心を持ちそう
- 警察の過剰な対応に対する批判的な論調で、議論を呼びそう
- 身近な食事のマナーに関するもので、読者が自分事として捉えやすい
- タイトルがインパクトがあり、読者の興味を引き付ける"
N30899,news,newsus,College gymnast dies following training accident in Connecticut,"Melanie Coleman, 20, of Milford, was practicing on the bars when she suffered a spinal cord injury.",https://assets.msn.com/labs/mind/BBWBKRg.html,216161.0,"- ジムナストの死亡というショッキングな出来事を題材にしている。ショッキングな出来事を扱った記事でPVを獲得できる。
- 著名大学の学生の訃報というローカル性のある話題を扱っている。地域に密着した話題の記事でPVを獲得できる。
- 事故の詳細と運動部の今後の対応についてフォローすることで、継続的にPVを獲得できる。"
N7937,finance,finance-companies,Dean Foods files for bankruptcy,"Dean Foods, America's largest milk producer, is filing for bankruptcy.",https://assets.msn.com/labs/mind/BBWEnS3.html,201316.0,"- ディーンフーズはアメリカ最大の乳製品メーカーであるため、倒産は経済や消費者に大きな影響を与えるニュースとして注目を集めた。大手企業の倒産・事業撤退などのビジネスニュースを取り上げれば再現できる。
- 乳製品市場の変化や消費者の嗜好の変化がディーンフーズの業績悪化に影響したと考えられる。食品業界のトレンド変化に関する記事を作れば再現可能。
- ディーンフーズの倒産は乳製品業界の再編につながる可能性がある。業界の再編・競争環境の変化に関する記事を作れば再現できる。"
N62203,sports,sports_news,Stephen Curry calls out Michael Jordan for being a 'hater',"While the opinion of arguably the greatest NBA player of all time is certainly noteworthy, most people disagree with Jordan.",https://assets.msn.com/labs/mind/BBWEnkS.html,167121.0,"- 著名人の名前をタイトルに使うことで注目を集めている。人気の高い選手や有名人の名前をタイトルに使えばPVを高められる。
- 著名人同士の諍いや対立関係を取り上げている。有名人間の確執や対立を扱った記事で再現可能。
- 著名人の発言を引用している。有名人の過激な発言や論争的なコメントを引用すればPVを高められる。
- 著名人に対する批判的な見解を提示している。著名人への批判的な意見がPVを高める効果がある。"
N10285,finance,finance-saving-investing,4 reasons you shouldn't max out your 401(k),Making high-dollar contributions to your 401(k) can cost you.,https://assets.msn.com/labs/mind/BBWEvuv.html,231569.0,"- 401(k)はアメリカの主要な老後資金であり、多くの人が関心を持つ話題である
- 401(k)への拠出を最大限にするのが最善とされているため、最大化しない理由は注目される
- クリック率の高い見出しで、401(k)への過度な拠出に警告している
- 記事の内容が401(k)の一般的な常識に反するため、読者の関心を引く
- 同様に、一般的な常識に反する個人ファイナンスのアドバイスで再現可能"
N100539,health,nutrition,The Latest Weight Loss Pills That Work And the Ones That Don't,"When diet and exercise aren't working, the answer may be at the drugstore.",https://assets.msn.com/labs/mind/BBWBUaM.html,152073.0,"- タイトルに「最新」「効果あり」といったキーワードを使い、新しい情報を提供している印象を与える。
- 肥満やダイエットに悩む読者の関心を引くタイトルと要約文。同じ課題を抱える読者に共感を呼ぶ。
- 効果的なダイエット法を紹介する記事は需要が高い。新しいサプリメントなどの情報提供が再現の鍵。"
N129969,entertainment,entertainment-celebrity,"Chrissy Teigen's weekend was basically a clapback double-header, plus more news","Chrissy Teigen gives us two more lessons in the art of the clapback. Plus, more celebrity news for Nov. 12, 2019.",https://assets.msn.com/labs/mind/BBWF0Kt.html,187903.0,"- Chrissy Teigenの名前がタイトルにある。有名人の名前をタイトルに使うと注目を集める。
- ""clapback""というキーワードがタイトルと概要にある。SNSでのやり取りや反応に関する記事は注目される。
- ""celebrity news""という人気の高いジャンルだ。最新の有名人ニュースを扱った記事で再現できる。
- 短い概要文で記事の内容を示唆する形式。同じ形式の記事で再現可能。"
N4504,travel,travelarticle,Divers salvage 100-year-old liquor from WWI shipwreck,A team of ocean explorers says it has retrieved cognac and liqueur from a ship that was bound for Russia when it was sunk by a German submarine in 1917.,https://assets.msn.com/labs/mind/BBWF0ep.html,151660.0,"- 海底から100年前の未開封アルコールを発見したというユニークな内容
- 第一次世界大戦時の船の沈没に関する歴史的背景がある
- レアなアルコールを飲用できる可能性に対する期待感がある
- 古代の遺物を発掘する冒険心を刺激する話題
- アルコールや船に関心のある読者を引き付ける"
N27097,news,newscrime,Utah death-row inmate featured in best-selling book dies,"SALT LAKE CITY (AP)   A Utah death-row inmate who killed his brother's wife and her toddler because of his strong polygamist beliefs in a case made famous by the book ""Under the Banner of Heaven"" has died of natural causes, prison officials said Monday. Ron Lafferty, 78, died at the state prison in the Salt Lake City suburb of Draper, Utah Department of Corrections spokeswoman Kaitlin Felsted said. The state attorney general's office had...",https://assets.msn.com/labs/mind/BBWBcpA.html,185111.0,"- 宗教的な信念に基づく残虐な殺人事件というショッキングな内容である
- 有名な本の題材となった著名な事件である
- 死刑囚の死という結末がある
- 短い要約で事件の概要が把握でき、興味を引く"
N105407,news,newsus,'One in a million' deer captured on camera in Michigan woods,Retired Michigan lawmaker and amateur photographer Steven Lindberg took pictures of a deer. That deer had three antlers.,https://assets.msn.com/labs/mind/BBWIdQ6.html,259886.0,"- 珍しい動物の姿を捉えた記事であるため、人々の関心を引く
- 動物の変わった特徴や行動を捉えた写真や動画で再現可能
- 自然環境の中で偶然に起こる珍事件を題材にすると注目を集める"
N100073,lifestyle,lifestyleroyals,Why Prince Harry Wore His Remembrance Poppy Differently from the Rest of the Royal Family,Why Prince Harry's Poppy Was Worn on His Cap,https://assets.msn.com/labs/mind/BBWByOC.html,228730.0,"- プリンスハリーは英国王室の人気メンバーの1人であるため、関連する記事は注目を集めやすい。
- 記事のタイトルは王室の慣習との違いを強調している。王室の伝統や決まり事を破る行動は関心を引く。
- リメンブランス・デーという重要な行事に関連する記事であることもPVを高めた要因。
- 記事の内容が簡潔で分かりやすい。王室の習慣との違いが1点に絞られており、短時間で読める。"
N425,sports,football_nfl_videos,Every touchdown from every Week 10 game,Watch Every Touchdown From Every Game presented by Amazon Prime during Week 10.,https://assets.msn.com/labs/mind/BBWyA7E.html,153496.0,"- NFLの試合ハイライトはファンにとって魅力的なコンテンツである。NFLや他の人気スポーツのハイライトをまとめた記事を作成する。
- 具体的な得点シーンを示すことで視聴者の興味を引く。各チームのスター選手の活躍シーンを取り上げる。
- 試合結果だけでなく選手やチームのドラマにも焦点を当てることで話題性を高められる。
- サムネイルやタイトルに得点シーンや選手名を使うことでクリック率を高められる。"
N61065,entertainment,celebrity,Lamar Odom Is Engaged to Sabrina Parr: See Her Ring!,Lamar Odom Is Engaged to Sabrina Parr: See Her Ring!,https://assets.msn.com/labs/mind/BBWC7DR.html,221509.0,"- Lamar Odomは有名なバスケットボール選手であるため、彼の婚約ニュースは注目を集めやすい

- Lamar Odomは過去にドラッグ中毒などのトラブルがあり、彼の私生活への関心が高い

- 記事のタイトルに「Ring!」とあるように、婚約指輪の画像を掲載することで視覚的に訴求できる 

- 過去の婚約者であるKhloe Kardashianとの関係を触れることで、読者の興味を引き付けられる

- 有名人の婚約・結婚ニュースは感動的で明るい内容となりやすいためPVが高まりやすい"
N83412,tv,tv-celebrity,Hannah Brown on Being Surrounded By Exes Tyler Cameron and Colton Underwood,ET spoke with the former Bachelorette after 'Dancing With the Stars' on Monday.,https://assets.msn.com/labs/mind/BBWCqqq.html,202637.0,"- Hannah Brownが人気のリアリティ番組「The Bachelorette」の主演であるため、視聴者にとって身近な存在である
- 恋愛関係の話題は人の関心を引きつけるテーマの1つである
- 過去の恋人たちとの関係が絡むストーリーなのでドラマチックで興味を引く
- インタビュー形式なので本人の生の声が聞ける独占性がある
- 人気リアリティ番組の出演者同士の関係性を扱っているためファン層にアピールできる"
N23086,entertainment,awards,The Best Backstage Moments From the 2019 E! People's Choice Awards,"Check out Kevin Hart, Adam Sandler, Gwen Stefani and more backstage during the 2019 PCAs.",https://assets.msn.com/labs/mind/BBWyU6g.html,171464.0,"- 著名人のイベントの裏側や舞台裏を扱っているため、ファンの関心を引く話題だ。同様の著名人のイベントの裏側を扱った記事を作成する。
- People's Choice Awardsという有名な賞レースの舞台裏を扱っている。他の有名な賞レースの裏側を扱った記事を作成する。
- ケビン・ハート、アダム・サンドラー、グウェン・ステファニーなどの有名人の名前がある。同様に著名な有名人の名前を記事のタイトルや内容に含める。
- 社会的に話題性のある著名人やイベントを扱っている。時事的な話題性のある著名人やイベントを扱った記事を作成する。"
N43085,weather,weathertopstories,Cold weather: 70% of the country will experience freezing temperatures this week,"Roughly 70% of the US will experience freezing temperatures this week as an Arctic blast hits two thirds of the country. Over 240 million people are under winter warnings, watches and advisories.",https://assets.msn.com/labs/mind/BBWDb4S.html,157796.0,"- 気象条件は多くの人に関心がある話題である。特に極端な気象現象は注目を集める。
- 全米の大部分の地域が影響を受ける広範囲の気象現象であること。
- 気温の急激な変化は人々の生活に大きな影響がある。
- 気象警報が発令されるほどの異常気象であること。
- 具体的な気温の数字と影響を受ける地域の人口を提示し、異常さを強調している。"
N20990,news,newsworld,"The son of a Chinese billionaire has been banned from flying first class, playing golf, buying property, or going clubbing","Wang Sicong, the heir of Chinese real estate mogul Wang Jianlin's estimated $12.5 billion fortune, is said to have a personal debt of $21.6 million.",https://assets.msn.com/labs/mind/BBWDbTe.html,241468.0,"- 中国の著名な富豪の息子の不祥事という注目度の高い題材である
- 中国の富裕層のライフスタイルに関する記事は注目を集めやすい
- 著名人の私生活やスキャンダルに関する記事はクリック率が高い
- 富豪の息子の派手な生活ぶりは人々の興味を引く話題である
- 金銭感覚の異なる富裕層の生活をのぞき見するのは人気のあるコンテンツ"
N32154,news,newsus,"Porsche launches into second story of New Jersey building, killing 2","The Porsche went airborne off a median in Toms River, causing it to crash into a red brick building.",https://assets.msn.com/labs/mind/BBWyjM9.html,220303.0,"- 著名高級車の事故という注目度の高い題材である。
- 異常な事故の様子がインパクトがある。同様の異常な事故を取り上げることで再現可能。
- 事故による死者が出ていることで悲惨さがある。悲惨な事故を取り上げれば再現できる。"
N107637,sports,football_nfl,Russell Wilson vs. 49ers' No. 1 defense: Monday night's prime-time matchup,"What Russell Wilson does to a defense can't be replicated. Certainly not in practice. For example, 49ers backup C.J. Beathard attempted to simulate the Seahawks' quarterback on the scout team last week   trying to give the defense a sense of Wilson's scrambling style   and cornerback Richard Sherman said Beathard strained his back in the process. And Wilson can't be replicated in another game. The 49ers' last game was against Arizona rookie...",https://assets.msn.com/labs/mind/BBWyx9f.html,167222.0,"- タイトルに有名QBのラッセル・ウィルソンと強豪ディフェンスの49ersがマッチアップするとあり、 NFLファンの関心を引く話題だから。
- 49ersのディフェンスがウィルソンのスクランブルを止められるかというドラマ性がある。 
- プライムタイムのマンデーナイトでの試合という視聴率の高い時間帯だから。
- 記事の内容が試合の前哨戦となる分析記事で、試合結果への期待感を掻き立てている。"
